{
    "version": "1.0",
    "profile": {
        "ProductId": "AVGLQX7FYB",
        "CategoryId": "141"
    },
    "properties": [{
            "id": "power_switch",
            "name": "电灯开关",
            "desc": "控制电灯开灭",
            "required": true,
            "mode": "rw",
            "define": {
                "type": "bool",
                "mapping": {
                    "0": "关",
                    "1": "开"
                }
            }
        },
        {
            "id": "saturation",
            "name": "饱和度",
            "desc": "",
            "mode": "rw",
            "define": {
                "type": "int",
                "min": "0",
                "max": "100",
                "start": "0",
                "step": "1",
                "unit": ""
            },
            "required": false
        },
        {
            "id": "value",
            "name": "明度",
            "desc": "",
            "mode": "rw",
            "define": {
                "type": "int",
                "min": "0",
                "max": "100",
                "start": "0",
                "step": "1",
                "unit": ""
            },
            "required": false
        },
        {
            "id": "hue",
            "name": "色调",
            "desc": "",
            "mode": "rw",
            "define": {
                "type": "int",
                "min": "0",
                "max": "360",
                "start": "0",
                "step": "1",
                "unit": ""
            },
            "required": false
        },
        {
            "id": "wifi_rader_data",
            "name": "WiFi雷达数据",
            "desc": "",
            "mode": "r",
            "define": {
                "type": "string",
                "min": "0",
                "max": "2048"
            },
            "required": false
        },
        {
            "id": "wifi_rader_human_detect",
            "name": "WiFi雷达人体检测阈值",
            "desc": "",
            "mode": "rw",
            "define": {
                "type": "float",
                "min": "0",
                "max": "1",
                "start": "0",
                "step": "0.01",
                "unit": ""
            },
            "required": false
        },
        {
            "id": "wifi_rader_adjust_threshold",
            "name": "WiFi雷达阈值校准",
            "desc": "",
            "mode": "rw",
            "define": {
                "type": "bool",
                "mapping": {
                    "0": "停止",
                    "1": "开始"
                }
            },
            "required": false
        },
        {
            "id": "wifi_rader_room_status",
            "name": "WiFi雷达房间状态",
            "desc": "",
            "mode": "r",
            "define": {
                "type": "bool",
                "mapping": {
                    "0": "无人",
                    "1": "有人"
                }
            },
            "required": false
        },
        {
            "id": "wifi_rader_human_move",
            "name": "WiFi雷达人体移动阈值",
            "desc": "",
            "mode": "rw",
            "define": {
                "type": "float",
                "min": "0",
                "max": "1",
                "start": "0",
                "step": "0.01",
                "unit": ""
            },
            "required": false
        },
        {
            "id": "wifi_rader_awake_count",
            "name": "检测次数",
            "desc": "",
            "mode": "r",
            "define": {
                "type": "int",
                "min": "0",
                "max": "100000",
                "start": "0",
                "step": "1",
                "unit": ""
            },
            "required": false
        },
        {
            "id": "wifi_rader_status",
            "name": "WiFi雷达状态",
            "desc": "",
            "mode": "rw",
            "define": {
                "type": "bool",
                "mapping": {
                    "0": "关",
                    "1": "开"
                }
            },
            "required": false
        },
        {
            "id": "wifi_rader_data_mac",
            "name": "WiFi雷达数据来源",
            "desc": "",
            "mode": "rw",
            "define": {
                "type": "string",
                "min": "0",
                "max": "32"
            },
            "required": false
        },
        {
            "id": "mac",
            "name": "mac",
            "desc": "",
            "mode": "r",
            "define": {
                "type": "string",
                "min": "0",
                "max": "18"
            },
            "required": false
        },
        {
            "id": "ap_bssid",
            "name": "ap_bssid",
            "desc": "",
            "mode": "r",
            "define": {
                "type": "string",
                "min": "0",
                "max": "18"
            },
            "required": false
        }
    ],
    "events": [{
        "id": "hardware_fault",
        "name": "Hardware_fault",
        "desc": "Report hardware fault",
        "type": "fault",
        "required": false,
        "params": [{
                "id": "name",
                "name": "Name",
                "desc": "Name like: memory,tf card, censors ...",
                "define": {
                    "type": "string",
                    "min": "0",
                    "max": "64"
                }
            },
            {
                "id": "error_code",
                "name": "Error_Code",
                "desc": "Error code for fault",
                "define": {
                    "type": "int",
                    "unit": "",
                    "step": "1",
                    "min": "0",
                    "max": "2000",
                    "start": "1"
                }
            }
        ]
    }],
    "actions": []
}