ProductId,DeviceName,DevicePsk
AVGLQX7FYB,connect_qcloud_1,9x2CHdHccq3mO+POFI6Wig==
AVGLQX7FYB,connect_qcloud_2,JH/ahMxHT2++fJwtVHCSpw==
AVGLQX7FYB,connect_qcloud_3,lukDwx6sXZyxd9A/ndouCQ==
AVGLQX7FYB,connect_qcloud_4,AGITWl2+/ji8PEcCcif27g==
AVGLQX7FYB,connect_qcloud_5,hdDP1SemjLyvF8D+PLLcLg==
AVGLQX7FYB,connect_qcloud_6,MrgaiSrfSvxLqIz8ZE5tfA==
AVGLQX7FYB,connect_qcloud_7,IUlFQ94hlbCLTyKz5+NHQA==
AVGLQX7FYB,connect_qcloud_8,jnorIgOn3Yp47gKspIQo3g==
AVGLQX7FYB,connect_qcloud_9,Y4NkcDUGH935SdOyrNg+hQ==
AVGLQX7FYB,connect_qcloud_10,3+Fe8zqtvrKIjFz3Mfa8aQ==
AVGLQX7FYB,connect_qcloud_11,CGu+HFm+7SRvm364bTj2SQ==
AVGLQX7FYB,connect_qcloud_12,RtImtqpHYxjxyMeHC1aIMg==
AVGLQX7FYB,connect_qcloud_13,Kfex8VeY1td4XTdeBFixTA==
AVGLQX7FYB,connect_qcloud_14,vb1fW+J+TKMWZW3p9OiqRg==
AVGLQX7FYB,connect_qcloud_15,XwUr4dr7vDuBR2EK9T8TcA==
AVGLQX7FYB,connect_qcloud_16,maZpPQ0pB95PdK3Lr3ML1g==
AVGLQX7FYB,connect_qcloud_17,crmPsYAyUPx7XPVZdNCKeQ==
AVGLQX7FYB,connect_qcloud_18,eNgq/x7rmmyTuKoH2i0Ncw==
AVGLQX7FYB,connect_qcloud_19,58GFadP2qLnb/nMbv+VgWg==
AVGLQX7FYB,connect_qcloud_20,2A8pMzGGCiIkHMGwP3fvtw==
AVGLQX7FYB,connect_qcloud_21,zJnIhvx4S/VTl53GSg2UHw==
AVGLQX7FYB,connect_qcloud_22,rJLtbra8OjoXz84yHC5TEQ==
AVGLQX7FYB,connect_qcloud_23,srFGbCBYDZ6E31+y/fIfaQ==
AVGLQX7FYB,connect_qcloud_24,niIug6PADCRslRmhaFaP8Q==
AVGLQX7FYB,connect_qcloud_25,vobl3hH5IOJi46o9X+lzvw==
AVGLQX7FYB,connect_qcloud_26,WQmyZyOxUVPx4NW81N8OoA==
AVGLQX7FYB,connect_qcloud_27,IdfAdyX7xejL0qwIbF3Bjw==
AVGLQX7FYB,connect_qcloud_28,H/XXkjan6boX7XK4zbafDA==
AVGLQX7FYB,connect_qcloud_29,GShm9JXglRX7DexUhycNjw==
AVGLQX7FYB,connect_qcloud_30,qb9vGUMGy8bg7zr0//LMTg==
AVGLQX7FYB,connect_qcloud_31,IOkFt76A9KLRm+fjdnA/QQ==
